image_name,x,y
img_0000.png,0,0
img_0001.png,1,0
img_0002.png,2,0
img_0003.png,3,0
img_0004.png,4,0
img_0005.png,5,0
img_0006.png,6,0
img_0007.png,7,0
img_0008.png,8,0
img_0009.png,9,0
img_0010.png,10,0
img_0011.png,11,0
img_0012.png,12,0
img_0013.png,13,0
img_0014.png,14,0
img_0015.png,15,0
img_0016.png,16,0
img_0017.png,17,0
img_0018.png,18,0
img_0019.png,19,0
img_0020.png,20,0
img_0021.png,21,0
img_0022.png,22,0
img_0023.png,23,0
img_0024.png,24,0
img_0025.png,25,0
img_0026.png,26,0
img_0027.png,27,0
img_0028.png,28,0
img_0029.png,29,0
img_0030.png,30,0
img_0031.png,31,0
img_0032.png,32,0
img_0033.png,33,0
img_0034.png,34,0
img_0035.png,35,0
img_0036.png,36,0
img_0037.png,37,0
img_0038.png,38,0
img_0039.png,39,0
img_0040.png,40,0
img_0041.png,41,0
img_0042.png,42,0
img_0043.png,43,0
img_0044.png,44,0
img_0045.png,45,0
img_0046.png,46,0
img_0047.png,47,0
img_0048.png,48,0
img_0049.png,49,0
img_0050.png,0,1
img_0051.png,1,1
img_0052.png,2,1
img_0053.png,3,1
img_0054.png,4,1
img_0055.png,5,1
img_0056.png,6,1
img_0057.png,7,1
img_0058.png,8,1
img_0059.png,9,1
img_0060.png,10,1
img_0061.png,11,1
img_0062.png,12,1
img_0063.png,13,1
img_0064.png,14,1
img_0065.png,15,1
img_0066.png,16,1
img_0067.png,17,1
img_0068.png,18,1
img_0069.png,19,1
img_0070.png,20,1
img_0071.png,21,1
img_0072.png,22,1
img_0073.png,23,1
img_0074.png,24,1
img_0075.png,25,1
img_0076.png,26,1
img_0077.png,27,1
img_0078.png,28,1
img_0079.png,29,1
img_0080.png,30,1
img_0081.png,31,1
img_0082.png,32,1
img_0083.png,33,1
img_0084.png,34,1
img_0085.png,35,1
img_0086.png,36,1
img_0087.png,37,1
img_0088.png,38,1
img_0089.png,39,1
img_0090.png,40,1
img_0091.png,41,1
img_0092.png,42,1
img_0093.png,43,1
img_0094.png,44,1
img_0095.png,45,1
img_0096.png,46,1
img_0097.png,47,1
img_0098.png,48,1
img_0099.png,49,1
img_0100.png,0,2
img_0101.png,1,2
img_0102.png,2,2
img_0103.png,3,2
img_0104.png,4,2
img_0105.png,5,2
img_0106.png,6,2
img_0107.png,7,2
img_0108.png,8,2
img_0109.png,9,2
img_0110.png,10,2
img_0111.png,11,2
img_0112.png,12,2
img_0113.png,13,2
img_0114.png,14,2
img_0115.png,15,2
img_0116.png,16,2
img_0117.png,17,2
img_0118.png,18,2
img_0119.png,19,2
img_0120.png,20,2
img_0121.png,21,2
img_0122.png,22,2
img_0123.png,23,2
img_0124.png,24,2
img_0125.png,25,2
img_0126.png,26,2
img_0127.png,27,2
img_0128.png,28,2
img_0129.png,29,2
img_0130.png,30,2
img_0131.png,31,2
img_0132.png,32,2
img_0133.png,33,2
img_0134.png,34,2
img_0135.png,35,2
img_0136.png,36,2
img_0137.png,37,2
img_0138.png,38,2
img_0139.png,39,2
img_0140.png,40,2
img_0141.png,41,2
img_0142.png,42,2
img_0143.png,43,2
img_0144.png,44,2
img_0145.png,45,2
img_0146.png,46,2
img_0147.png,47,2
img_0148.png,48,2
img_0149.png,49,2
img_0150.png,0,3
img_0151.png,1,3
img_0152.png,2,3
img_0153.png,3,3
img_0154.png,4,3
img_0155.png,5,3
img_0156.png,6,3
img_0157.png,7,3
img_0158.png,8,3
img_0159.png,9,3
img_0160.png,10,3
img_0161.png,11,3
img_0162.png,12,3
img_0163.png,13,3
img_0164.png,14,3
img_0165.png,15,3
img_0166.png,16,3
img_0167.png,17,3
img_0168.png,18,3
img_0169.png,19,3
img_0170.png,20,3
img_0171.png,21,3
img_0172.png,22,3
img_0173.png,23,3
img_0174.png,24,3
img_0175.png,25,3
img_0176.png,26,3
img_0177.png,27,3
img_0178.png,28,3
img_0179.png,29,3
img_0180.png,30,3
img_0181.png,31,3
img_0182.png,32,3
img_0183.png,33,3
img_0184.png,34,3
img_0185.png,35,3
img_0186.png,36,3
img_0187.png,37,3
img_0188.png,38,3
img_0189.png,39,3
img_0190.png,40,3
img_0191.png,41,3
img_0192.png,42,3
img_0193.png,43,3
img_0194.png,44,3
img_0195.png,45,3
img_0196.png,46,3
img_0197.png,47,3
img_0198.png,48,3
img_0199.png,49,3
img_0200.png,0,4
img_0201.png,1,4
img_0202.png,2,4
img_0203.png,3,4
img_0204.png,4,4
img_0205.png,5,4
img_0206.png,6,4
img_0207.png,7,4
img_0208.png,8,4
img_0209.png,9,4
img_0210.png,10,4
img_0211.png,11,4
img_0212.png,12,4
img_0213.png,13,4
img_0214.png,14,4
img_0215.png,15,4
img_0216.png,16,4
img_0217.png,17,4
img_0218.png,18,4
img_0219.png,19,4
img_0220.png,20,4
img_0221.png,21,4
img_0222.png,22,4
img_0223.png,23,4
img_0224.png,24,4
img_0225.png,25,4
img_0226.png,26,4
img_0227.png,27,4
img_0228.png,28,4
img_0229.png,29,4
img_0230.png,30,4
img_0231.png,31,4
img_0232.png,32,4
img_0233.png,33,4
img_0234.png,34,4
img_0235.png,35,4
img_0236.png,36,4
img_0237.png,37,4
img_0238.png,38,4
img_0239.png,39,4
img_0240.png,40,4
img_0241.png,41,4
img_0242.png,42,4
img_0243.png,43,4
img_0244.png,44,4
img_0245.png,45,4
img_0246.png,46,4
img_0247.png,47,4
img_0248.png,48,4
img_0249.png,49,4
img_0250.png,0,5
img_0251.png,1,5
img_0252.png,2,5
img_0253.png,3,5
img_0254.png,4,5
img_0255.png,5,5
img_0256.png,6,5
img_0257.png,7,5
img_0258.png,8,5
img_0259.png,9,5
img_0260.png,10,5
img_0261.png,11,5
img_0262.png,12,5
img_0263.png,13,5
img_0264.png,14,5
img_0265.png,15,5
img_0266.png,16,5
img_0267.png,17,5
img_0268.png,18,5
img_0269.png,19,5
img_0270.png,20,5
img_0271.png,21,5
img_0272.png,22,5
img_0273.png,23,5
img_0274.png,24,5
img_0275.png,25,5
img_0276.png,26,5
img_0277.png,27,5
img_0278.png,28,5
img_0279.png,29,5
img_0280.png,30,5
img_0281.png,31,5
img_0282.png,32,5
img_0283.png,33,5
img_0284.png,34,5
img_0285.png,35,5
img_0286.png,36,5
img_0287.png,37,5
img_0288.png,38,5
img_0289.png,39,5
img_0290.png,40,5
img_0291.png,41,5
img_0292.png,42,5
img_0293.png,43,5
img_0294.png,44,5
img_0295.png,45,5
img_0296.png,46,5
img_0297.png,47,5
img_0298.png,48,5
img_0299.png,49,5
img_0300.png,0,6
img_0301.png,1,6
img_0302.png,2,6
img_0303.png,3,6
img_0304.png,4,6
img_0305.png,5,6
img_0306.png,6,6
img_0307.png,7,6
img_0308.png,8,6
img_0309.png,9,6
img_0310.png,10,6
img_0311.png,11,6
img_0312.png,12,6
img_0313.png,13,6
img_0314.png,14,6
img_0315.png,15,6
img_0316.png,16,6
img_0317.png,17,6
img_0318.png,18,6
img_0319.png,19,6
img_0320.png,20,6
img_0321.png,21,6
img_0322.png,22,6
img_0323.png,23,6
img_0324.png,24,6
img_0325.png,25,6
img_0326.png,26,6
img_0327.png,27,6
img_0328.png,28,6
img_0329.png,29,6
img_0330.png,30,6
img_0331.png,31,6
img_0332.png,32,6
img_0333.png,33,6
img_0334.png,34,6
img_0335.png,35,6
img_0336.png,36,6
img_0337.png,37,6
img_0338.png,38,6
img_0339.png,39,6
img_0340.png,40,6
img_0341.png,41,6
img_0342.png,42,6
img_0343.png,43,6
img_0344.png,44,6
img_0345.png,45,6
img_0346.png,46,6
img_0347.png,47,6
img_0348.png,48,6
img_0349.png,49,6
img_0350.png,0,7
img_0351.png,1,7
img_0352.png,2,7
img_0353.png,3,7
img_0354.png,4,7
img_0355.png,5,7
img_0356.png,6,7
img_0357.png,7,7
img_0358.png,8,7
img_0359.png,9,7
img_0360.png,10,7
img_0361.png,11,7
img_0362.png,12,7
img_0363.png,13,7
img_0364.png,14,7
img_0365.png,15,7
img_0366.png,16,7
img_0367.png,17,7
img_0368.png,18,7
img_0369.png,19,7
img_0370.png,20,7
img_0371.png,21,7
img_0372.png,22,7
img_0373.png,23,7
img_0374.png,24,7
img_0375.png,25,7
img_0376.png,26,7
img_0377.png,27,7
img_0378.png,28,7
img_0379.png,29,7
img_0380.png,30,7
img_0381.png,31,7
img_0382.png,32,7
img_0383.png,33,7
img_0384.png,34,7
img_0385.png,35,7
img_0386.png,36,7
img_0387.png,37,7
img_0388.png,38,7
img_0389.png,39,7
img_0390.png,40,7
img_0391.png,41,7
img_0392.png,42,7
img_0393.png,43,7
img_0394.png,44,7
img_0395.png,45,7
img_0396.png,46,7
img_0397.png,47,7
img_0398.png,48,7
img_0399.png,49,7
img_0400.png,0,8
img_0401.png,1,8
img_0402.png,2,8
img_0403.png,3,8
img_0404.png,4,8
img_0405.png,5,8
img_0406.png,6,8
img_0407.png,7,8
img_0408.png,8,8
img_0409.png,9,8
img_0410.png,10,8
img_0411.png,11,8
img_0412.png,12,8
img_0413.png,13,8
img_0414.png,14,8
img_0415.png,15,8
img_0416.png,16,8
img_0417.png,17,8
img_0418.png,18,8
img_0419.png,19,8
img_0420.png,20,8
img_0421.png,21,8
img_0422.png,22,8
img_0423.png,23,8
img_0424.png,24,8
img_0425.png,25,8
img_0426.png,26,8
img_0427.png,27,8
img_0428.png,28,8
img_0429.png,29,8
img_0430.png,30,8
img_0431.png,31,8
img_0432.png,32,8
img_0433.png,33,8
img_0434.png,34,8
img_0435.png,35,8
img_0436.png,36,8
img_0437.png,37,8
img_0438.png,38,8
img_0439.png,39,8
img_0440.png,40,8
img_0441.png,41,8
img_0442.png,42,8
img_0443.png,43,8
img_0444.png,44,8
img_0445.png,45,8
img_0446.png,46,8
img_0447.png,47,8
img_0448.png,48,8
img_0449.png,49,8
img_0450.png,0,9
img_0451.png,1,9
img_0452.png,2,9
img_0453.png,3,9
img_0454.png,4,9
img_0455.png,5,9
img_0456.png,6,9
img_0457.png,7,9
img_0458.png,8,9
img_0459.png,9,9
img_0460.png,10,9
img_0461.png,11,9
img_0462.png,12,9
img_0463.png,13,9
img_0464.png,14,9
img_0465.png,15,9
img_0466.png,16,9
img_0467.png,17,9
img_0468.png,18,9
img_0469.png,19,9
img_0470.png,20,9
img_0471.png,21,9
img_0472.png,22,9
img_0473.png,23,9
img_0474.png,24,9
img_0475.png,25,9
img_0476.png,26,9
img_0477.png,27,9
img_0478.png,28,9
img_0479.png,29,9
img_0480.png,30,9
img_0481.png,31,9
img_0482.png,32,9
img_0483.png,33,9
img_0484.png,34,9
img_0485.png,35,9
img_0486.png,36,9
img_0487.png,37,9
img_0488.png,38,9
img_0489.png,39,9
img_0490.png,40,9
img_0491.png,41,9
img_0492.png,42,9
img_0493.png,43,9
img_0494.png,44,9
img_0495.png,45,9
img_0496.png,46,9
img_0497.png,47,9
img_0498.png,48,9
img_0499.png,49,9
img_0500.png,0,10
img_0501.png,1,10
img_0502.png,2,10
img_0503.png,3,10
img_0504.png,4,10
img_0505.png,5,10
img_0506.png,6,10
img_0507.png,7,10
img_0508.png,8,10
img_0509.png,9,10
img_0510.png,10,10
img_0511.png,11,10
img_0512.png,12,10
img_0513.png,13,10
img_0514.png,14,10
img_0515.png,15,10
img_0516.png,16,10
img_0517.png,17,10
img_0518.png,18,10
img_0519.png,19,10
img_0520.png,20,10
img_0521.png,21,10
img_0522.png,22,10
img_0523.png,23,10
img_0524.png,24,10
img_0525.png,25,10
img_0526.png,26,10
img_0527.png,27,10
img_0528.png,28,10
img_0529.png,29,10
img_0530.png,30,10
img_0531.png,31,10
img_0532.png,32,10
img_0533.png,33,10
img_0534.png,34,10
img_0535.png,35,10
img_0536.png,36,10
img_0537.png,37,10
img_0538.png,38,10
img_0539.png,39,10
img_0540.png,40,10
img_0541.png,41,10
img_0542.png,42,10
img_0543.png,43,10
img_0544.png,44,10
img_0545.png,45,10
img_0546.png,46,10
img_0547.png,47,10
img_0548.png,48,10
img_0549.png,49,10
img_0550.png,0,11
img_0551.png,1,11
img_0552.png,2,11
img_0553.png,3,11
img_0554.png,4,11
img_0555.png,5,11
img_0556.png,6,11
img_0557.png,7,11
img_0558.png,8,11
img_0559.png,9,11
img_0560.png,10,11
img_0561.png,11,11
img_0562.png,12,11
img_0563.png,13,11
img_0564.png,14,11
img_0565.png,15,11
img_0566.png,16,11
img_0567.png,17,11
img_0568.png,18,11
img_0569.png,19,11
img_0570.png,20,11
img_0571.png,21,11
img_0572.png,22,11
img_0573.png,23,11
img_0574.png,24,11
img_0575.png,25,11
img_0576.png,26,11
img_0577.png,27,11
img_0578.png,28,11
img_0579.png,29,11
img_0580.png,30,11
img_0581.png,31,11
img_0582.png,32,11
img_0583.png,33,11
img_0584.png,34,11
img_0585.png,35,11
img_0586.png,36,11
img_0587.png,37,11
img_0588.png,38,11
img_0589.png,39,11
img_0590.png,40,11
img_0591.png,41,11
img_0592.png,42,11
img_0593.png,43,11
img_0594.png,44,11
img_0595.png,45,11
img_0596.png,46,11
img_0597.png,47,11
img_0598.png,48,11
img_0599.png,49,11
img_0600.png,0,12
img_0601.png,1,12
img_0602.png,2,12
img_0603.png,3,12
img_0604.png,4,12
img_0605.png,5,12
img_0606.png,6,12
img_0607.png,7,12
img_0608.png,8,12
img_0609.png,9,12
img_0610.png,10,12
img_0611.png,11,12
img_0612.png,12,12
img_0613.png,13,12
img_0614.png,14,12
img_0615.png,15,12
img_0616.png,16,12
img_0617.png,17,12
img_0618.png,18,12
img_0619.png,19,12
img_0620.png,20,12
img_0621.png,21,12
img_0622.png,22,12
img_0623.png,23,12
img_0624.png,24,12
img_0625.png,25,12
img_0626.png,26,12
img_0627.png,27,12
img_0628.png,28,12
img_0629.png,29,12
img_0630.png,30,12
img_0631.png,31,12
img_0632.png,32,12
img_0633.png,33,12
img_0634.png,34,12
img_0635.png,35,12
img_0636.png,36,12
img_0637.png,37,12
img_0638.png,38,12
img_0639.png,39,12
img_0640.png,40,12
img_0641.png,41,12
img_0642.png,42,12
img_0643.png,43,12
img_0644.png,44,12
img_0645.png,45,12
img_0646.png,46,12
img_0647.png,47,12
img_0648.png,48,12
img_0649.png,49,12
img_0650.png,0,13
img_0651.png,1,13
img_0652.png,2,13
img_0653.png,3,13
img_0654.png,4,13
img_0655.png,5,13
img_0656.png,6,13
img_0657.png,7,13
img_0658.png,8,13
img_0659.png,9,13
img_0660.png,10,13
img_0661.png,11,13
img_0662.png,12,13
img_0663.png,13,13
img_0664.png,14,13
img_0665.png,15,13
img_0666.png,16,13
img_0667.png,17,13
img_0668.png,18,13
img_0669.png,19,13
img_0670.png,20,13
img_0671.png,21,13
img_0672.png,22,13
img_0673.png,23,13
img_0674.png,24,13
img_0675.png,25,13
img_0676.png,26,13
img_0677.png,27,13
img_0678.png,28,13
img_0679.png,29,13
img_0680.png,30,13
img_0681.png,31,13
img_0682.png,32,13
img_0683.png,33,13
img_0684.png,34,13
img_0685.png,35,13
img_0686.png,36,13
img_0687.png,37,13
img_0688.png,38,13
img_0689.png,39,13
img_0690.png,40,13
img_0691.png,41,13
img_0692.png,42,13
img_0693.png,43,13
img_0694.png,44,13
img_0695.png,45,13
img_0696.png,46,13
img_0697.png,47,13
img_0698.png,48,13
img_0699.png,49,13
img_0700.png,0,14
img_0701.png,1,14
img_0702.png,2,14
img_0703.png,3,14
img_0704.png,4,14
img_0705.png,5,14
img_0706.png,6,14
img_0707.png,7,14
img_0708.png,8,14
img_0709.png,9,14
img_0710.png,10,14
img_0711.png,11,14
img_0712.png,12,14
img_0713.png,13,14
img_0714.png,14,14
img_0715.png,15,14
img_0716.png,16,14
img_0717.png,17,14
img_0718.png,18,14
img_0719.png,19,14
img_0720.png,20,14
img_0721.png,21,14
img_0722.png,22,14
img_0723.png,23,14
img_0724.png,24,14
img_0725.png,25,14
img_0726.png,26,14
img_0727.png,27,14
img_0728.png,28,14
img_0729.png,29,14
img_0730.png,30,14
img_0731.png,31,14
img_0732.png,32,14
img_0733.png,33,14
img_0734.png,34,14
img_0735.png,35,14
img_0736.png,36,14
img_0737.png,37,14
img_0738.png,38,14
img_0739.png,39,14
img_0740.png,40,14
img_0741.png,41,14
img_0742.png,42,14
img_0743.png,43,14
img_0744.png,44,14
img_0745.png,45,14
img_0746.png,46,14
img_0747.png,47,14
img_0748.png,48,14
img_0749.png,49,14
img_0750.png,0,15
img_0751.png,1,15
img_0752.png,2,15
img_0753.png,3,15
img_0754.png,4,15
img_0755.png,5,15
img_0756.png,6,15
img_0757.png,7,15
img_0758.png,8,15
img_0759.png,9,15
img_0760.png,10,15
img_0761.png,11,15
img_0762.png,12,15
img_0763.png,13,15
img_0764.png,14,15
img_0765.png,15,15
img_0766.png,16,15
img_0767.png,17,15
img_0768.png,18,15
img_0769.png,19,15
img_0770.png,20,15
img_0771.png,21,15
img_0772.png,22,15
img_0773.png,23,15
img_0774.png,24,15
img_0775.png,25,15
img_0776.png,26,15
img_0777.png,27,15
img_0778.png,28,15
img_0779.png,29,15
img_0780.png,30,15
img_0781.png,31,15
img_0782.png,32,15
img_0783.png,33,15
img_0784.png,34,15
img_0785.png,35,15
img_0786.png,36,15
img_0787.png,37,15
img_0788.png,38,15
img_0789.png,39,15
img_0790.png,40,15
img_0791.png,41,15
img_0792.png,42,15
img_0793.png,43,15
img_0794.png,44,15
img_0795.png,45,15
img_0796.png,46,15
img_0797.png,47,15
img_0798.png,48,15
img_0799.png,49,15
img_0800.png,0,16
img_0801.png,1,16
img_0802.png,2,16
img_0803.png,3,16
img_0804.png,4,16
img_0805.png,5,16
img_0806.png,6,16
img_0807.png,7,16
img_0808.png,8,16
img_0809.png,9,16
img_0810.png,10,16
img_0811.png,11,16
img_0812.png,12,16
img_0813.png,13,16
img_0814.png,14,16
img_0815.png,15,16
img_0816.png,16,16
img_0817.png,17,16
img_0818.png,18,16
img_0819.png,19,16
img_0820.png,20,16
img_0821.png,21,16
img_0822.png,22,16
img_0823.png,23,16
img_0824.png,24,16
img_0825.png,25,16
img_0826.png,26,16
img_0827.png,27,16
img_0828.png,28,16
img_0829.png,29,16
img_0830.png,30,16
img_0831.png,31,16
img_0832.png,32,16
img_0833.png,33,16
img_0834.png,34,16
img_0835.png,35,16
img_0836.png,36,16
img_0837.png,37,16
img_0838.png,38,16
img_0839.png,39,16
img_0840.png,40,16
img_0841.png,41,16
img_0842.png,42,16
img_0843.png,43,16
img_0844.png,44,16
img_0845.png,45,16
img_0846.png,46,16
img_0847.png,47,16
img_0848.png,48,16
img_0849.png,49,16
img_0850.png,0,17
img_0851.png,1,17
img_0852.png,2,17
img_0853.png,3,17
img_0854.png,4,17
img_0855.png,5,17
img_0856.png,6,17
img_0857.png,7,17
img_0858.png,8,17
img_0859.png,9,17
img_0860.png,10,17
img_0861.png,11,17
img_0862.png,12,17
img_0863.png,13,17
img_0864.png,14,17
img_0865.png,15,17
img_0866.png,16,17
img_0867.png,17,17
img_0868.png,18,17
img_0869.png,19,17
img_0870.png,20,17
img_0871.png,21,17
img_0872.png,22,17
img_0873.png,23,17
img_0874.png,24,17
img_0875.png,25,17
img_0876.png,26,17
img_0877.png,27,17
img_0878.png,28,17
img_0879.png,29,17
img_0880.png,30,17
img_0881.png,31,17
img_0882.png,32,17
img_0883.png,33,17
img_0884.png,34,17
img_0885.png,35,17
img_0886.png,36,17
img_0887.png,37,17
img_0888.png,38,17
img_0889.png,39,17
img_0890.png,40,17
img_0891.png,41,17
img_0892.png,42,17
img_0893.png,43,17
img_0894.png,44,17
img_0895.png,45,17
img_0896.png,46,17
img_0897.png,47,17
img_0898.png,48,17
img_0899.png,49,17
img_0900.png,0,18
img_0901.png,1,18
img_0902.png,2,18
img_0903.png,3,18
img_0904.png,4,18
img_0905.png,5,18
img_0906.png,6,18
img_0907.png,7,18
img_0908.png,8,18
img_0909.png,9,18
img_0910.png,10,18
img_0911.png,11,18
img_0912.png,12,18
img_0913.png,13,18
img_0914.png,14,18
img_0915.png,15,18
img_0916.png,16,18
img_0917.png,17,18
img_0918.png,18,18
img_0919.png,19,18
img_0920.png,20,18
img_0921.png,21,18
img_0922.png,22,18
img_0923.png,23,18
img_0924.png,24,18
img_0925.png,25,18
img_0926.png,26,18
img_0927.png,27,18
img_0928.png,28,18
img_0929.png,29,18
img_0930.png,30,18
img_0931.png,31,18
img_0932.png,32,18
img_0933.png,33,18
img_0934.png,34,18
img_0935.png,35,18
img_0936.png,36,18
img_0937.png,37,18
img_0938.png,38,18
img_0939.png,39,18
img_0940.png,40,18
img_0941.png,41,18
img_0942.png,42,18
img_0943.png,43,18
img_0944.png,44,18
img_0945.png,45,18
img_0946.png,46,18
img_0947.png,47,18
img_0948.png,48,18
img_0949.png,49,18
img_0950.png,0,19
img_0951.png,1,19
img_0952.png,2,19
img_0953.png,3,19
img_0954.png,4,19
img_0955.png,5,19
img_0956.png,6,19
img_0957.png,7,19
img_0958.png,8,19
img_0959.png,9,19
img_0960.png,10,19
img_0961.png,11,19
img_0962.png,12,19
img_0963.png,13,19
img_0964.png,14,19
img_0965.png,15,19
img_0966.png,16,19
img_0967.png,17,19
img_0968.png,18,19
img_0969.png,19,19
img_0970.png,20,19
img_0971.png,21,19
img_0972.png,22,19
img_0973.png,23,19
img_0974.png,24,19
img_0975.png,25,19
img_0976.png,26,19
img_0977.png,27,19
img_0978.png,28,19
img_0979.png,29,19
img_0980.png,30,19
img_0981.png,31,19
img_0982.png,32,19
img_0983.png,33,19
img_0984.png,34,19
img_0985.png,35,19
img_0986.png,36,19
img_0987.png,37,19
img_0988.png,38,19
img_0989.png,39,19
img_0990.png,40,19
img_0991.png,41,19
img_0992.png,42,19
img_0993.png,43,19
img_0994.png,44,19
img_0995.png,45,19
img_0996.png,46,19
img_0997.png,47,19
img_0998.png,48,19
img_0999.png,49,19
img_1000.png,0,20
img_1001.png,1,20
img_1002.png,2,20
img_1003.png,3,20
img_1004.png,4,20
img_1005.png,5,20
img_1006.png,6,20
img_1007.png,7,20
img_1008.png,8,20
img_1009.png,9,20
img_1010.png,10,20
img_1011.png,11,20
img_1012.png,12,20
img_1013.png,13,20
img_1014.png,14,20
img_1015.png,15,20
img_1016.png,16,20
img_1017.png,17,20
img_1018.png,18,20
img_1019.png,19,20
img_1020.png,20,20
img_1021.png,21,20
img_1022.png,22,20
img_1023.png,23,20
img_1024.png,24,20
img_1025.png,25,20
img_1026.png,26,20
img_1027.png,27,20
img_1028.png,28,20
img_1029.png,29,20
img_1030.png,30,20
img_1031.png,31,20
img_1032.png,32,20
img_1033.png,33,20
img_1034.png,34,20
img_1035.png,35,20
img_1036.png,36,20
img_1037.png,37,20
img_1038.png,38,20
img_1039.png,39,20
img_1040.png,40,20
img_1041.png,41,20
img_1042.png,42,20
img_1043.png,43,20
img_1044.png,44,20
img_1045.png,45,20
img_1046.png,46,20
img_1047.png,47,20
img_1048.png,48,20
img_1049.png,49,20
img_1050.png,0,21
img_1051.png,1,21
img_1052.png,2,21
img_1053.png,3,21
img_1054.png,4,21
img_1055.png,5,21
img_1056.png,6,21
img_1057.png,7,21
img_1058.png,8,21
img_1059.png,9,21
img_1060.png,10,21
img_1061.png,11,21
img_1062.png,12,21
img_1063.png,13,21
img_1064.png,14,21
img_1065.png,15,21
img_1066.png,16,21
img_1067.png,17,21
img_1068.png,18,21
img_1069.png,19,21
img_1070.png,20,21
img_1071.png,21,21
img_1072.png,22,21
img_1073.png,23,21
img_1074.png,24,21
img_1075.png,25,21
img_1076.png,26,21
img_1077.png,27,21
img_1078.png,28,21
img_1079.png,29,21
img_1080.png,30,21
img_1081.png,31,21
img_1082.png,32,21
img_1083.png,33,21
img_1084.png,34,21
img_1085.png,35,21
img_1086.png,36,21
img_1087.png,37,21
img_1088.png,38,21
img_1089.png,39,21
img_1090.png,40,21
img_1091.png,41,21
img_1092.png,42,21
img_1093.png,43,21
img_1094.png,44,21
img_1095.png,45,21
img_1096.png,46,21
img_1097.png,47,21
img_1098.png,48,21
img_1099.png,49,21
img_1100.png,0,22
img_1101.png,1,22
img_1102.png,2,22
img_1103.png,3,22
img_1104.png,4,22
img_1105.png,5,22
img_1106.png,6,22
img_1107.png,7,22
img_1108.png,8,22
img_1109.png,9,22
img_1110.png,10,22
img_1111.png,11,22
img_1112.png,12,22
img_1113.png,13,22
img_1114.png,14,22
img_1115.png,15,22
img_1116.png,16,22
img_1117.png,17,22
img_1118.png,18,22
img_1119.png,19,22
img_1120.png,20,22
img_1121.png,21,22
img_1122.png,22,22
img_1123.png,23,22
img_1124.png,24,22
img_1125.png,25,22
img_1126.png,26,22
img_1127.png,27,22
img_1128.png,28,22
img_1129.png,29,22
img_1130.png,30,22
img_1131.png,31,22
img_1132.png,32,22
img_1133.png,33,22
img_1134.png,34,22
img_1135.png,35,22
img_1136.png,36,22
img_1137.png,37,22
img_1138.png,38,22
img_1139.png,39,22
img_1140.png,40,22
img_1141.png,41,22
img_1142.png,42,22
img_1143.png,43,22
img_1144.png,44,22
img_1145.png,45,22
img_1146.png,46,22
img_1147.png,47,22
img_1148.png,48,22
img_1149.png,49,22
img_1150.png,0,23
img_1151.png,1,23
img_1152.png,2,23
img_1153.png,3,23
img_1154.png,4,23
img_1155.png,5,23
img_1156.png,6,23
img_1157.png,7,23
img_1158.png,8,23
img_1159.png,9,23
img_1160.png,10,23
img_1161.png,11,23
img_1162.png,12,23
img_1163.png,13,23
img_1164.png,14,23
img_1165.png,15,23
img_1166.png,16,23
img_1167.png,17,23
img_1168.png,18,23
img_1169.png,19,23
img_1170.png,20,23
img_1171.png,21,23
img_1172.png,22,23
img_1173.png,23,23
img_1174.png,24,23
img_1175.png,25,23
img_1176.png,26,23
img_1177.png,27,23
img_1178.png,28,23
img_1179.png,29,23
img_1180.png,30,23
img_1181.png,31,23
img_1182.png,32,23
img_1183.png,33,23
img_1184.png,34,23
img_1185.png,35,23
img_1186.png,36,23
img_1187.png,37,23
img_1188.png,38,23
img_1189.png,39,23
img_1190.png,40,23
img_1191.png,41,23
img_1192.png,42,23
img_1193.png,43,23
img_1194.png,44,23
img_1195.png,45,23
img_1196.png,46,23
img_1197.png,47,23
img_1198.png,48,23
img_1199.png,49,23
img_1200.png,0,24
img_1201.png,1,24
img_1202.png,2,24
img_1203.png,3,24
img_1204.png,4,24
img_1205.png,5,24
img_1206.png,6,24
img_1207.png,7,24
img_1208.png,8,24
img_1209.png,9,24
img_1210.png,10,24
img_1211.png,11,24
img_1212.png,12,24
img_1213.png,13,24
img_1214.png,14,24
img_1215.png,15,24
img_1216.png,16,24
img_1217.png,17,24
img_1218.png,18,24
img_1219.png,19,24
img_1220.png,20,24
img_1221.png,21,24
img_1222.png,22,24
img_1223.png,23,24
img_1224.png,24,24
img_1225.png,25,24
img_1226.png,26,24
img_1227.png,27,24
img_1228.png,28,24
img_1229.png,29,24
img_1230.png,30,24
img_1231.png,31,24
img_1232.png,32,24
img_1233.png,33,24
img_1234.png,34,24
img_1235.png,35,24
img_1236.png,36,24
img_1237.png,37,24
img_1238.png,38,24
img_1239.png,39,24
img_1240.png,40,24
img_1241.png,41,24
img_1242.png,42,24
img_1243.png,43,24
img_1244.png,44,24
img_1245.png,45,24
img_1246.png,46,24
img_1247.png,47,24
img_1248.png,48,24
img_1249.png,49,24
img_1250.png,0,25
img_1251.png,1,25
img_1252.png,2,25
img_1253.png,3,25
img_1254.png,4,25
img_1255.png,5,25
img_1256.png,6,25
img_1257.png,7,25
img_1258.png,8,25
img_1259.png,9,25
img_1260.png,10,25
img_1261.png,11,25
img_1262.png,12,25
img_1263.png,13,25
img_1264.png,14,25
img_1265.png,15,25
img_1266.png,16,25
img_1267.png,17,25
img_1268.png,18,25
img_1269.png,19,25
img_1270.png,20,25
img_1271.png,21,25
img_1272.png,22,25
img_1273.png,23,25
img_1274.png,24,25
img_1275.png,25,25
img_1276.png,26,25
img_1277.png,27,25
img_1278.png,28,25
img_1279.png,29,25
img_1280.png,30,25
img_1281.png,31,25
img_1282.png,32,25
img_1283.png,33,25
img_1284.png,34,25
img_1285.png,35,25
img_1286.png,36,25
img_1287.png,37,25
img_1288.png,38,25
img_1289.png,39,25
img_1290.png,40,25
img_1291.png,41,25
img_1292.png,42,25
img_1293.png,43,25
img_1294.png,44,25
img_1295.png,45,25
img_1296.png,46,25
img_1297.png,47,25
img_1298.png,48,25
img_1299.png,49,25
img_1300.png,0,26
img_1301.png,1,26
img_1302.png,2,26
img_1303.png,3,26
img_1304.png,4,26
img_1305.png,5,26
img_1306.png,6,26
img_1307.png,7,26
img_1308.png,8,26
img_1309.png,9,26
img_1310.png,10,26
img_1311.png,11,26
img_1312.png,12,26
img_1313.png,13,26
img_1314.png,14,26
img_1315.png,15,26
img_1316.png,16,26
img_1317.png,17,26
img_1318.png,18,26
img_1319.png,19,26
img_1320.png,20,26
img_1321.png,21,26
img_1322.png,22,26
img_1323.png,23,26
img_1324.png,24,26
img_1325.png,25,26
img_1326.png,26,26
img_1327.png,27,26
img_1328.png,28,26
img_1329.png,29,26
img_1330.png,30,26
img_1331.png,31,26
img_1332.png,32,26
img_1333.png,33,26
img_1334.png,34,26
img_1335.png,35,26
img_1336.png,36,26
img_1337.png,37,26
img_1338.png,38,26
img_1339.png,39,26
img_1340.png,40,26
img_1341.png,41,26
img_1342.png,42,26
img_1343.png,43,26
img_1344.png,44,26
img_1345.png,45,26
img_1346.png,46,26
img_1347.png,47,26
img_1348.png,48,26
img_1349.png,49,26
img_1350.png,0,27
img_1351.png,1,27
img_1352.png,2,27
img_1353.png,3,27
img_1354.png,4,27
img_1355.png,5,27
img_1356.png,6,27
img_1357.png,7,27
img_1358.png,8,27
img_1359.png,9,27
img_1360.png,10,27
img_1361.png,11,27
img_1362.png,12,27
img_1363.png,13,27
img_1364.png,14,27
img_1365.png,15,27
img_1366.png,16,27
img_1367.png,17,27
img_1368.png,18,27
img_1369.png,19,27
img_1370.png,20,27
img_1371.png,21,27
img_1372.png,22,27
img_1373.png,23,27
img_1374.png,24,27
img_1375.png,25,27
img_1376.png,26,27
img_1377.png,27,27
img_1378.png,28,27
img_1379.png,29,27
img_1380.png,30,27
img_1381.png,31,27
img_1382.png,32,27
img_1383.png,33,27
img_1384.png,34,27
img_1385.png,35,27
img_1386.png,36,27
img_1387.png,37,27
img_1388.png,38,27
img_1389.png,39,27
img_1390.png,40,27
img_1391.png,41,27
img_1392.png,42,27
img_1393.png,43,27
img_1394.png,44,27
img_1395.png,45,27
img_1396.png,46,27
img_1397.png,47,27
img_1398.png,48,27
img_1399.png,49,27
img_1400.png,0,28
img_1401.png,1,28
img_1402.png,2,28
img_1403.png,3,28
img_1404.png,4,28
img_1405.png,5,28
img_1406.png,6,28
img_1407.png,7,28
img_1408.png,8,28
img_1409.png,9,28
img_1410.png,10,28
img_1411.png,11,28
img_1412.png,12,28
img_1413.png,13,28
img_1414.png,14,28
img_1415.png,15,28
img_1416.png,16,28
img_1417.png,17,28
img_1418.png,18,28
img_1419.png,19,28
img_1420.png,20,28
img_1421.png,21,28
img_1422.png,22,28
img_1423.png,23,28
img_1424.png,24,28
img_1425.png,25,28
img_1426.png,26,28
img_1427.png,27,28
img_1428.png,28,28
img_1429.png,29,28
img_1430.png,30,28
img_1431.png,31,28
img_1432.png,32,28
img_1433.png,33,28
img_1434.png,34,28
img_1435.png,35,28
img_1436.png,36,28
img_1437.png,37,28
img_1438.png,38,28
img_1439.png,39,28
img_1440.png,40,28
img_1441.png,41,28
img_1442.png,42,28
img_1443.png,43,28
img_1444.png,44,28
img_1445.png,45,28
img_1446.png,46,28
img_1447.png,47,28
img_1448.png,48,28
img_1449.png,49,28
img_1450.png,0,29
img_1451.png,1,29
img_1452.png,2,29
img_1453.png,3,29
img_1454.png,4,29
img_1455.png,5,29
img_1456.png,6,29
img_1457.png,7,29
img_1458.png,8,29
img_1459.png,9,29
img_1460.png,10,29
img_1461.png,11,29
img_1462.png,12,29
img_1463.png,13,29
img_1464.png,14,29
img_1465.png,15,29
img_1466.png,16,29
img_1467.png,17,29
img_1468.png,18,29
img_1469.png,19,29
img_1470.png,20,29
img_1471.png,21,29
img_1472.png,22,29
img_1473.png,23,29
img_1474.png,24,29
img_1475.png,25,29
img_1476.png,26,29
img_1477.png,27,29
img_1478.png,28,29
img_1479.png,29,29
img_1480.png,30,29
img_1481.png,31,29
img_1482.png,32,29
img_1483.png,33,29
img_1484.png,34,29
img_1485.png,35,29
img_1486.png,36,29
img_1487.png,37,29
img_1488.png,38,29
img_1489.png,39,29
img_1490.png,40,29
img_1491.png,41,29
img_1492.png,42,29
img_1493.png,43,29
img_1494.png,44,29
img_1495.png,45,29
img_1496.png,46,29
img_1497.png,47,29
img_1498.png,48,29
img_1499.png,49,29
img_1500.png,0,30
img_1501.png,1,30
img_1502.png,2,30
img_1503.png,3,30
img_1504.png,4,30
img_1505.png,5,30
img_1506.png,6,30
img_1507.png,7,30
img_1508.png,8,30
img_1509.png,9,30
img_1510.png,10,30
img_1511.png,11,30
img_1512.png,12,30
img_1513.png,13,30
img_1514.png,14,30
img_1515.png,15,30
img_1516.png,16,30
img_1517.png,17,30
img_1518.png,18,30
img_1519.png,19,30
img_1520.png,20,30
img_1521.png,21,30
img_1522.png,22,30
img_1523.png,23,30
img_1524.png,24,30
img_1525.png,25,30
img_1526.png,26,30
img_1527.png,27,30
img_1528.png,28,30
img_1529.png,29,30
img_1530.png,30,30
img_1531.png,31,30
img_1532.png,32,30
img_1533.png,33,30
img_1534.png,34,30
img_1535.png,35,30
img_1536.png,36,30
img_1537.png,37,30
img_1538.png,38,30
img_1539.png,39,30
img_1540.png,40,30
img_1541.png,41,30
img_1542.png,42,30
img_1543.png,43,30
img_1544.png,44,30
img_1545.png,45,30
img_1546.png,46,30
img_1547.png,47,30
img_1548.png,48,30
img_1549.png,49,30
img_1550.png,0,31
img_1551.png,1,31
img_1552.png,2,31
img_1553.png,3,31
img_1554.png,4,31
img_1555.png,5,31
img_1556.png,6,31
img_1557.png,7,31
img_1558.png,8,31
img_1559.png,9,31
img_1560.png,10,31
img_1561.png,11,31
img_1562.png,12,31
img_1563.png,13,31
img_1564.png,14,31
img_1565.png,15,31
img_1566.png,16,31
img_1567.png,17,31
img_1568.png,18,31
img_1569.png,19,31
img_1570.png,20,31
img_1571.png,21,31
img_1572.png,22,31
img_1573.png,23,31
img_1574.png,24,31
img_1575.png,25,31
img_1576.png,26,31
img_1577.png,27,31
img_1578.png,28,31
img_1579.png,29,31
img_1580.png,30,31
img_1581.png,31,31
img_1582.png,32,31
img_1583.png,33,31
img_1584.png,34,31
img_1585.png,35,31
img_1586.png,36,31
img_1587.png,37,31
img_1588.png,38,31
img_1589.png,39,31
img_1590.png,40,31
img_1591.png,41,31
img_1592.png,42,31
img_1593.png,43,31
img_1594.png,44,31
img_1595.png,45,31
img_1596.png,46,31
img_1597.png,47,31
img_1598.png,48,31
img_1599.png,49,31
img_1600.png,0,32
img_1601.png,1,32
img_1602.png,2,32
img_1603.png,3,32
img_1604.png,4,32
img_1605.png,5,32
img_1606.png,6,32
img_1607.png,7,32
img_1608.png,8,32
img_1609.png,9,32
img_1610.png,10,32
img_1611.png,11,32
img_1612.png,12,32
img_1613.png,13,32
img_1614.png,14,32
img_1615.png,15,32
img_1616.png,16,32
img_1617.png,17,32
img_1618.png,18,32
img_1619.png,19,32
img_1620.png,20,32
img_1621.png,21,32
img_1622.png,22,32
img_1623.png,23,32
img_1624.png,24,32
img_1625.png,25,32
img_1626.png,26,32
img_1627.png,27,32
img_1628.png,28,32
img_1629.png,29,32
img_1630.png,30,32
img_1631.png,31,32
img_1632.png,32,32
img_1633.png,33,32
img_1634.png,34,32
img_1635.png,35,32
img_1636.png,36,32
img_1637.png,37,32
img_1638.png,38,32
img_1639.png,39,32
img_1640.png,40,32
img_1641.png,41,32
img_1642.png,42,32
img_1643.png,43,32
img_1644.png,44,32
img_1645.png,45,32
img_1646.png,46,32
img_1647.png,47,32
img_1648.png,48,32
img_1649.png,49,32
img_1650.png,0,33
img_1651.png,1,33
img_1652.png,2,33
img_1653.png,3,33
img_1654.png,4,33
img_1655.png,5,33
img_1656.png,6,33
img_1657.png,7,33
img_1658.png,8,33
img_1659.png,9,33
img_1660.png,10,33
img_1661.png,11,33
img_1662.png,12,33
img_1663.png,13,33
img_1664.png,14,33
img_1665.png,15,33
img_1666.png,16,33
img_1667.png,17,33
img_1668.png,18,33
img_1669.png,19,33
img_1670.png,20,33
img_1671.png,21,33
img_1672.png,22,33
img_1673.png,23,33
img_1674.png,24,33
img_1675.png,25,33
img_1676.png,26,33
img_1677.png,27,33
img_1678.png,28,33
img_1679.png,29,33
img_1680.png,30,33
img_1681.png,31,33
img_1682.png,32,33
img_1683.png,33,33
img_1684.png,34,33
img_1685.png,35,33
img_1686.png,36,33
img_1687.png,37,33
img_1688.png,38,33
img_1689.png,39,33
img_1690.png,40,33
img_1691.png,41,33
img_1692.png,42,33
img_1693.png,43,33
img_1694.png,44,33
img_1695.png,45,33
img_1696.png,46,33
img_1697.png,47,33
img_1698.png,48,33
img_1699.png,49,33
img_1700.png,0,34
img_1701.png,1,34
img_1702.png,2,34
img_1703.png,3,34
img_1704.png,4,34
img_1705.png,5,34
img_1706.png,6,34
img_1707.png,7,34
img_1708.png,8,34
img_1709.png,9,34
img_1710.png,10,34
img_1711.png,11,34
img_1712.png,12,34
img_1713.png,13,34
img_1714.png,14,34
img_1715.png,15,34
img_1716.png,16,34
img_1717.png,17,34
img_1718.png,18,34
img_1719.png,19,34
img_1720.png,20,34
img_1721.png,21,34
img_1722.png,22,34
img_1723.png,23,34
img_1724.png,24,34
img_1725.png,25,34
img_1726.png,26,34
img_1727.png,27,34
img_1728.png,28,34
img_1729.png,29,34
img_1730.png,30,34
img_1731.png,31,34
img_1732.png,32,34
img_1733.png,33,34
img_1734.png,34,34
img_1735.png,35,34
img_1736.png,36,34
img_1737.png,37,34
img_1738.png,38,34
img_1739.png,39,34
img_1740.png,40,34
img_1741.png,41,34
img_1742.png,42,34
img_1743.png,43,34
img_1744.png,44,34
img_1745.png,45,34
img_1746.png,46,34
img_1747.png,47,34
img_1748.png,48,34
img_1749.png,49,34
img_1750.png,0,35
img_1751.png,1,35
img_1752.png,2,35
img_1753.png,3,35
img_1754.png,4,35
img_1755.png,5,35
img_1756.png,6,35
img_1757.png,7,35
img_1758.png,8,35
img_1759.png,9,35
img_1760.png,10,35
img_1761.png,11,35
img_1762.png,12,35
img_1763.png,13,35
img_1764.png,14,35
img_1765.png,15,35
img_1766.png,16,35
img_1767.png,17,35
img_1768.png,18,35
img_1769.png,19,35
img_1770.png,20,35
img_1771.png,21,35
img_1772.png,22,35
img_1773.png,23,35
img_1774.png,24,35
img_1775.png,25,35
img_1776.png,26,35
img_1777.png,27,35
img_1778.png,28,35
img_1779.png,29,35
img_1780.png,30,35
img_1781.png,31,35
img_1782.png,32,35
img_1783.png,33,35
img_1784.png,34,35
img_1785.png,35,35
img_1786.png,36,35
img_1787.png,37,35
img_1788.png,38,35
img_1789.png,39,35
img_1790.png,40,35
img_1791.png,41,35
img_1792.png,42,35
img_1793.png,43,35
img_1794.png,44,35
img_1795.png,45,35
img_1796.png,46,35
img_1797.png,47,35
img_1798.png,48,35
img_1799.png,49,35
img_1800.png,0,36
img_1801.png,1,36
img_1802.png,2,36
img_1803.png,3,36
img_1804.png,4,36
img_1805.png,5,36
img_1806.png,6,36
img_1807.png,7,36
img_1808.png,8,36
img_1809.png,9,36
img_1810.png,10,36
img_1811.png,11,36
img_1812.png,12,36
img_1813.png,13,36
img_1814.png,14,36
img_1815.png,15,36
img_1816.png,16,36
img_1817.png,17,36
img_1818.png,18,36
img_1819.png,19,36
img_1820.png,20,36
img_1821.png,21,36
img_1822.png,22,36
img_1823.png,23,36
img_1824.png,24,36
img_1825.png,25,36
img_1826.png,26,36
img_1827.png,27,36
img_1828.png,28,36
img_1829.png,29,36
img_1830.png,30,36
img_1831.png,31,36
img_1832.png,32,36
img_1833.png,33,36
img_1834.png,34,36
img_1835.png,35,36
img_1836.png,36,36
img_1837.png,37,36
img_1838.png,38,36
img_1839.png,39,36
img_1840.png,40,36
img_1841.png,41,36
img_1842.png,42,36
img_1843.png,43,36
img_1844.png,44,36
img_1845.png,45,36
img_1846.png,46,36
img_1847.png,47,36
img_1848.png,48,36
img_1849.png,49,36
img_1850.png,0,37
img_1851.png,1,37
img_1852.png,2,37
img_1853.png,3,37
img_1854.png,4,37
img_1855.png,5,37
img_1856.png,6,37
img_1857.png,7,37
img_1858.png,8,37
img_1859.png,9,37
img_1860.png,10,37
img_1861.png,11,37
img_1862.png,12,37
img_1863.png,13,37
img_1864.png,14,37
img_1865.png,15,37
img_1866.png,16,37
img_1867.png,17,37
img_1868.png,18,37
img_1869.png,19,37
img_1870.png,20,37
img_1871.png,21,37
img_1872.png,22,37
img_1873.png,23,37
img_1874.png,24,37
img_1875.png,25,37
img_1876.png,26,37
img_1877.png,27,37
img_1878.png,28,37
img_1879.png,29,37
img_1880.png,30,37
img_1881.png,31,37
img_1882.png,32,37
img_1883.png,33,37
img_1884.png,34,37
img_1885.png,35,37
img_1886.png,36,37
img_1887.png,37,37
img_1888.png,38,37
img_1889.png,39,37
img_1890.png,40,37
img_1891.png,41,37
img_1892.png,42,37
img_1893.png,43,37
img_1894.png,44,37
img_1895.png,45,37
img_1896.png,46,37
img_1897.png,47,37
img_1898.png,48,37
img_1899.png,49,37
img_1900.png,0,38
img_1901.png,1,38
img_1902.png,2,38
img_1903.png,3,38
img_1904.png,4,38
img_1905.png,5,38
img_1906.png,6,38
img_1907.png,7,38
img_1908.png,8,38
img_1909.png,9,38
img_1910.png,10,38
img_1911.png,11,38
img_1912.png,12,38
img_1913.png,13,38
img_1914.png,14,38
img_1915.png,15,38
img_1916.png,16,38
img_1917.png,17,38
img_1918.png,18,38
img_1919.png,19,38
img_1920.png,20,38
img_1921.png,21,38
img_1922.png,22,38
img_1923.png,23,38
img_1924.png,24,38
img_1925.png,25,38
img_1926.png,26,38
img_1927.png,27,38
img_1928.png,28,38
img_1929.png,29,38
img_1930.png,30,38
img_1931.png,31,38
img_1932.png,32,38
img_1933.png,33,38
img_1934.png,34,38
img_1935.png,35,38
img_1936.png,36,38
img_1937.png,37,38
img_1938.png,38,38
img_1939.png,39,38
img_1940.png,40,38
img_1941.png,41,38
img_1942.png,42,38
img_1943.png,43,38
img_1944.png,44,38
img_1945.png,45,38
img_1946.png,46,38
img_1947.png,47,38
img_1948.png,48,38
img_1949.png,49,38
img_1950.png,0,39
img_1951.png,1,39
img_1952.png,2,39
img_1953.png,3,39
img_1954.png,4,39
img_1955.png,5,39
img_1956.png,6,39
img_1957.png,7,39
img_1958.png,8,39
img_1959.png,9,39
img_1960.png,10,39
img_1961.png,11,39
img_1962.png,12,39
img_1963.png,13,39
img_1964.png,14,39
img_1965.png,15,39
img_1966.png,16,39
img_1967.png,17,39
img_1968.png,18,39
img_1969.png,19,39
img_1970.png,20,39
img_1971.png,21,39
img_1972.png,22,39
img_1973.png,23,39
img_1974.png,24,39
img_1975.png,25,39
img_1976.png,26,39
img_1977.png,27,39
img_1978.png,28,39
img_1979.png,29,39
img_1980.png,30,39
img_1981.png,31,39
img_1982.png,32,39
img_1983.png,33,39
img_1984.png,34,39
img_1985.png,35,39
img_1986.png,36,39
img_1987.png,37,39
img_1988.png,38,39
img_1989.png,39,39
img_1990.png,40,39
img_1991.png,41,39
img_1992.png,42,39
img_1993.png,43,39
img_1994.png,44,39
img_1995.png,45,39
img_1996.png,46,39
img_1997.png,47,39
img_1998.png,48,39
img_1999.png,49,39
img_2000.png,0,40
img_2001.png,1,40
img_2002.png,2,40
img_2003.png,3,40
img_2004.png,4,40
img_2005.png,5,40
img_2006.png,6,40
img_2007.png,7,40
img_2008.png,8,40
img_2009.png,9,40
img_2010.png,10,40
img_2011.png,11,40
img_2012.png,12,40
img_2013.png,13,40
img_2014.png,14,40
img_2015.png,15,40
img_2016.png,16,40
img_2017.png,17,40
img_2018.png,18,40
img_2019.png,19,40
img_2020.png,20,40
img_2021.png,21,40
img_2022.png,22,40
img_2023.png,23,40
img_2024.png,24,40
img_2025.png,25,40
img_2026.png,26,40
img_2027.png,27,40
img_2028.png,28,40
img_2029.png,29,40
img_2030.png,30,40
img_2031.png,31,40
img_2032.png,32,40
img_2033.png,33,40
img_2034.png,34,40
img_2035.png,35,40
img_2036.png,36,40
img_2037.png,37,40
img_2038.png,38,40
img_2039.png,39,40
img_2040.png,40,40
img_2041.png,41,40
img_2042.png,42,40
img_2043.png,43,40
img_2044.png,44,40
img_2045.png,45,40
img_2046.png,46,40
img_2047.png,47,40
img_2048.png,48,40
img_2049.png,49,40
img_2050.png,0,41
img_2051.png,1,41
img_2052.png,2,41
img_2053.png,3,41
img_2054.png,4,41
img_2055.png,5,41
img_2056.png,6,41
img_2057.png,7,41
img_2058.png,8,41
img_2059.png,9,41
img_2060.png,10,41
img_2061.png,11,41
img_2062.png,12,41
img_2063.png,13,41
img_2064.png,14,41
img_2065.png,15,41
img_2066.png,16,41
img_2067.png,17,41
img_2068.png,18,41
img_2069.png,19,41
img_2070.png,20,41
img_2071.png,21,41
img_2072.png,22,41
img_2073.png,23,41
img_2074.png,24,41
img_2075.png,25,41
img_2076.png,26,41
img_2077.png,27,41
img_2078.png,28,41
img_2079.png,29,41
img_2080.png,30,41
img_2081.png,31,41
img_2082.png,32,41
img_2083.png,33,41
img_2084.png,34,41
img_2085.png,35,41
img_2086.png,36,41
img_2087.png,37,41
img_2088.png,38,41
img_2089.png,39,41
img_2090.png,40,41
img_2091.png,41,41
img_2092.png,42,41
img_2093.png,43,41
img_2094.png,44,41
img_2095.png,45,41
img_2096.png,46,41
img_2097.png,47,41
img_2098.png,48,41
img_2099.png,49,41
img_2100.png,0,42
img_2101.png,1,42
img_2102.png,2,42
img_2103.png,3,42
img_2104.png,4,42
img_2105.png,5,42
img_2106.png,6,42
img_2107.png,7,42
img_2108.png,8,42
img_2109.png,9,42
img_2110.png,10,42
img_2111.png,11,42
img_2112.png,12,42
img_2113.png,13,42
img_2114.png,14,42
img_2115.png,15,42
img_2116.png,16,42
img_2117.png,17,42
img_2118.png,18,42
img_2119.png,19,42
img_2120.png,20,42
img_2121.png,21,42
img_2122.png,22,42
img_2123.png,23,42
img_2124.png,24,42
img_2125.png,25,42
img_2126.png,26,42
img_2127.png,27,42
img_2128.png,28,42
img_2129.png,29,42
img_2130.png,30,42
img_2131.png,31,42
img_2132.png,32,42
img_2133.png,33,42
img_2134.png,34,42
img_2135.png,35,42
img_2136.png,36,42
img_2137.png,37,42
img_2138.png,38,42
img_2139.png,39,42
img_2140.png,40,42
img_2141.png,41,42
img_2142.png,42,42
img_2143.png,43,42
img_2144.png,44,42
img_2145.png,45,42
img_2146.png,46,42
img_2147.png,47,42
img_2148.png,48,42
img_2149.png,49,42
img_2150.png,0,43
img_2151.png,1,43
img_2152.png,2,43
img_2153.png,3,43
img_2154.png,4,43
img_2155.png,5,43
img_2156.png,6,43
img_2157.png,7,43
img_2158.png,8,43
img_2159.png,9,43
img_2160.png,10,43
img_2161.png,11,43
img_2162.png,12,43
img_2163.png,13,43
img_2164.png,14,43
img_2165.png,15,43
img_2166.png,16,43
img_2167.png,17,43
img_2168.png,18,43
img_2169.png,19,43
img_2170.png,20,43
img_2171.png,21,43
img_2172.png,22,43
img_2173.png,23,43
img_2174.png,24,43
img_2175.png,25,43
img_2176.png,26,43
img_2177.png,27,43
img_2178.png,28,43
img_2179.png,29,43
img_2180.png,30,43
img_2181.png,31,43
img_2182.png,32,43
img_2183.png,33,43
img_2184.png,34,43
img_2185.png,35,43
img_2186.png,36,43
img_2187.png,37,43
img_2188.png,38,43
img_2189.png,39,43
img_2190.png,40,43
img_2191.png,41,43
img_2192.png,42,43
img_2193.png,43,43
img_2194.png,44,43
img_2195.png,45,43
img_2196.png,46,43
img_2197.png,47,43
img_2198.png,48,43
img_2199.png,49,43
img_2200.png,0,44
img_2201.png,1,44
img_2202.png,2,44
img_2203.png,3,44
img_2204.png,4,44
img_2205.png,5,44
img_2206.png,6,44
img_2207.png,7,44
img_2208.png,8,44
img_2209.png,9,44
img_2210.png,10,44
img_2211.png,11,44
img_2212.png,12,44
img_2213.png,13,44
img_2214.png,14,44
img_2215.png,15,44
img_2216.png,16,44
img_2217.png,17,44
img_2218.png,18,44
img_2219.png,19,44
img_2220.png,20,44
img_2221.png,21,44
img_2222.png,22,44
img_2223.png,23,44
img_2224.png,24,44
img_2225.png,25,44
img_2226.png,26,44
img_2227.png,27,44
img_2228.png,28,44
img_2229.png,29,44
img_2230.png,30,44
img_2231.png,31,44
img_2232.png,32,44
img_2233.png,33,44
img_2234.png,34,44
img_2235.png,35,44
img_2236.png,36,44
img_2237.png,37,44
img_2238.png,38,44
img_2239.png,39,44
img_2240.png,40,44
img_2241.png,41,44
img_2242.png,42,44
img_2243.png,43,44
img_2244.png,44,44
img_2245.png,45,44
img_2246.png,46,44
img_2247.png,47,44
img_2248.png,48,44
img_2249.png,49,44
img_2250.png,0,45
img_2251.png,1,45
img_2252.png,2,45
img_2253.png,3,45
img_2254.png,4,45
img_2255.png,5,45
img_2256.png,6,45
img_2257.png,7,45
img_2258.png,8,45
img_2259.png,9,45
img_2260.png,10,45
img_2261.png,11,45
img_2262.png,12,45
img_2263.png,13,45
img_2264.png,14,45
img_2265.png,15,45
img_2266.png,16,45
img_2267.png,17,45
img_2268.png,18,45
img_2269.png,19,45
img_2270.png,20,45
img_2271.png,21,45
img_2272.png,22,45
img_2273.png,23,45
img_2274.png,24,45
img_2275.png,25,45
img_2276.png,26,45
img_2277.png,27,45
img_2278.png,28,45
img_2279.png,29,45
img_2280.png,30,45
img_2281.png,31,45
img_2282.png,32,45
img_2283.png,33,45
img_2284.png,34,45
img_2285.png,35,45
img_2286.png,36,45
img_2287.png,37,45
img_2288.png,38,45
img_2289.png,39,45
img_2290.png,40,45
img_2291.png,41,45
img_2292.png,42,45
img_2293.png,43,45
img_2294.png,44,45
img_2295.png,45,45
img_2296.png,46,45
img_2297.png,47,45
img_2298.png,48,45
img_2299.png,49,45
img_2300.png,0,46
img_2301.png,1,46
img_2302.png,2,46
img_2303.png,3,46
img_2304.png,4,46
img_2305.png,5,46
img_2306.png,6,46
img_2307.png,7,46
img_2308.png,8,46
img_2309.png,9,46
img_2310.png,10,46
img_2311.png,11,46
img_2312.png,12,46
img_2313.png,13,46
img_2314.png,14,46
img_2315.png,15,46
img_2316.png,16,46
img_2317.png,17,46
img_2318.png,18,46
img_2319.png,19,46
img_2320.png,20,46
img_2321.png,21,46
img_2322.png,22,46
img_2323.png,23,46
img_2324.png,24,46
img_2325.png,25,46
img_2326.png,26,46
img_2327.png,27,46
img_2328.png,28,46
img_2329.png,29,46
img_2330.png,30,46
img_2331.png,31,46
img_2332.png,32,46
img_2333.png,33,46
img_2334.png,34,46
img_2335.png,35,46
img_2336.png,36,46
img_2337.png,37,46
img_2338.png,38,46
img_2339.png,39,46
img_2340.png,40,46
img_2341.png,41,46
img_2342.png,42,46
img_2343.png,43,46
img_2344.png,44,46
img_2345.png,45,46
img_2346.png,46,46
img_2347.png,47,46
img_2348.png,48,46
img_2349.png,49,46
img_2350.png,0,47
img_2351.png,1,47
img_2352.png,2,47
img_2353.png,3,47
img_2354.png,4,47
img_2355.png,5,47
img_2356.png,6,47
img_2357.png,7,47
img_2358.png,8,47
img_2359.png,9,47
img_2360.png,10,47
img_2361.png,11,47
img_2362.png,12,47
img_2363.png,13,47
img_2364.png,14,47
img_2365.png,15,47
img_2366.png,16,47
img_2367.png,17,47
img_2368.png,18,47
img_2369.png,19,47
img_2370.png,20,47
img_2371.png,21,47
img_2372.png,22,47
img_2373.png,23,47
img_2374.png,24,47
img_2375.png,25,47
img_2376.png,26,47
img_2377.png,27,47
img_2378.png,28,47
img_2379.png,29,47
img_2380.png,30,47
img_2381.png,31,47
img_2382.png,32,47
img_2383.png,33,47
img_2384.png,34,47
img_2385.png,35,47
img_2386.png,36,47
img_2387.png,37,47
img_2388.png,38,47
img_2389.png,39,47
img_2390.png,40,47
img_2391.png,41,47
img_2392.png,42,47
img_2393.png,43,47
img_2394.png,44,47
img_2395.png,45,47
img_2396.png,46,47
img_2397.png,47,47
img_2398.png,48,47
img_2399.png,49,47
img_2400.png,0,48
img_2401.png,1,48
img_2402.png,2,48
img_2403.png,3,48
img_2404.png,4,48
img_2405.png,5,48
img_2406.png,6,48
img_2407.png,7,48
img_2408.png,8,48
img_2409.png,9,48
img_2410.png,10,48
img_2411.png,11,48
img_2412.png,12,48
img_2413.png,13,48
img_2414.png,14,48
img_2415.png,15,48
img_2416.png,16,48
img_2417.png,17,48
img_2418.png,18,48
img_2419.png,19,48
img_2420.png,20,48
img_2421.png,21,48
img_2422.png,22,48
img_2423.png,23,48
img_2424.png,24,48
img_2425.png,25,48
img_2426.png,26,48
img_2427.png,27,48
img_2428.png,28,48
img_2429.png,29,48
img_2430.png,30,48
img_2431.png,31,48
img_2432.png,32,48
img_2433.png,33,48
img_2434.png,34,48
img_2435.png,35,48
img_2436.png,36,48
img_2437.png,37,48
img_2438.png,38,48
img_2439.png,39,48
img_2440.png,40,48
img_2441.png,41,48
img_2442.png,42,48
img_2443.png,43,48
img_2444.png,44,48
img_2445.png,45,48
img_2446.png,46,48
img_2447.png,47,48
img_2448.png,48,48
img_2449.png,49,48
img_2450.png,0,49
img_2451.png,1,49
img_2452.png,2,49
img_2453.png,3,49
img_2454.png,4,49
img_2455.png,5,49
img_2456.png,6,49
img_2457.png,7,49
img_2458.png,8,49
img_2459.png,9,49
img_2460.png,10,49
img_2461.png,11,49
img_2462.png,12,49
img_2463.png,13,49
img_2464.png,14,49
img_2465.png,15,49
img_2466.png,16,49
img_2467.png,17,49
img_2468.png,18,49
img_2469.png,19,49
img_2470.png,20,49
img_2471.png,21,49
img_2472.png,22,49
img_2473.png,23,49
img_2474.png,24,49
img_2475.png,25,49
img_2476.png,26,49
img_2477.png,27,49
img_2478.png,28,49
img_2479.png,29,49
img_2480.png,30,49
img_2481.png,31,49
img_2482.png,32,49
img_2483.png,33,49
img_2484.png,34,49
img_2485.png,35,49
img_2486.png,36,49
img_2487.png,37,49
img_2488.png,38,49
img_2489.png,39,49
img_2490.png,40,49
img_2491.png,41,49
img_2492.png,42,49
img_2493.png,43,49
img_2494.png,44,49
img_2495.png,45,49
img_2496.png,46,49
img_2497.png,47,49
img_2498.png,48,49
img_2499.png,49,49
